--
-- Script was generated by Devart dbForge Studio for MySQL, Version 2025.3.107.0
-- Product home page: https://www.devart.com/dbforge/mysql/studio
-- Script date 4/1/2026 2:45:56 PM
-- Server version: 8.0.45
--

--
-- Disable foreign keys
--
/*!40014 SET @OLD_FOREIGN_KEY_CHECKS=@@FOREIGN_KEY_CHECKS, FOREIGN_KEY_CHECKS=0 */;

--
-- Set SQL mode
--
/*!40101 SET @OLD_SQL_MODE=@@SQL_MODE, SQL_MODE='NO_AUTO_VALUE_ON_ZERO' */;

--
-- Set character set the client will use to send SQL statements to the server
--
SET NAMES 'utf8';

--
-- Set default database
--
USE barakai;

--
-- Drop table `atsiliepimai`
--
DROP TABLE IF EXISTS atsiliepimai;

--
-- Drop table `ivertinimai`
--
DROP TABLE IF EXISTS ivertinimai;

--
-- Drop table `kambarys`
--
DROP TABLE IF EXISTS kambarys;

--
-- Drop table `dydis`
--
DROP TABLE IF EXISTS dydis;

--
-- Drop table `institucija`
--
DROP TABLE IF EXISTS institucija;

--
-- Drop table `institucijos pavadinimas`
--
DROP TABLE IF EXISTS `institucijos pavadinimas`;

--
-- Drop table `kaina`
--
DROP TABLE IF EXISTS kaina;

--
-- Drop table `valiuta`
--
DROP TABLE IF EXISTS valiuta;

--
-- Drop table `uzimtumas`
--
DROP TABLE IF EXISTS uzimtumas;

--
-- Drop table `asmuo`
--
DROP TABLE IF EXISTS asmuo;

--
-- Drop table `pavarde`
--
DROP TABLE IF EXISTS pavarde;

--
-- Drop table `vardas`
--
DROP TABLE IF EXISTS vardas;

--
-- Drop table `adresas`
--
DROP TABLE IF EXISTS adresas;

--
-- Drop table `gatve`
--
DROP TABLE IF EXISTS gatve;

--
-- Drop table `miestas`
--
DROP TABLE IF EXISTS miestas;

--
-- Drop table `namo nr`
--
DROP TABLE IF EXISTS `namo nr`;

--
-- Drop table `pasto kodas`
--
DROP TABLE IF EXISTS `pasto kodas`;

--
-- Drop table `rajonas`
--
DROP TABLE IF EXISTS rajonas;

--
-- Drop table `kontaktai`
--
DROP TABLE IF EXISTS kontaktai;

--
-- Drop table `el pastas`
--
DROP TABLE IF EXISTS `el pastas`;

--
-- Drop table `el pavadinmas`
--
DROP TABLE IF EXISTS `el pavadinmas`;

--
-- Drop table `telefonas`
--
DROP TABLE IF EXISTS telefonas;

--
-- Drop table `numeris`
--
DROP TABLE IF EXISTS numeris;

--
-- Drop table `salies kodas`
--
DROP TABLE IF EXISTS `salies kodas`;

--
-- Drop table `el domain`
--
DROP TABLE IF EXISTS `el domain`;

--
-- Drop table `country`
--
DROP TABLE IF EXISTS country;

--
-- Set default database
--
USE barakai;

--
-- Create table `country`
--
CREATE TABLE country (
  ID int NOT NULL AUTO_INCREMENT,
  `salies kodas` varchar(255) DEFAULT NULL,
  PRIMARY KEY (ID)
)
ENGINE = INNODB,
CHARACTER SET utf8mb4,
COLLATE utf8mb4_0900_ai_ci,
ROW_FORMAT = DYNAMIC;

--
-- Create table `el domain`
--
CREATE TABLE `el domain` (
  ID int NOT NULL AUTO_INCREMENT,
  domain varchar(255) DEFAULT NULL,
  `FK salis` int DEFAULT NULL,
  PRIMARY KEY (ID)
)
ENGINE = INNODB,
CHARACTER SET utf8mb4,
COLLATE utf8mb4_0900_ai_ci,
ROW_FORMAT = DYNAMIC;

--
-- Create foreign key
--
ALTER TABLE `el domain`
ADD CONSTRAINT `FK_el domain_country_ID` FOREIGN KEY (`FK salis`)
REFERENCES country (ID);

--
-- Create table `salies kodas`
--
CREATE TABLE `salies kodas` (
  ID int NOT NULL AUTO_INCREMENT,
  kodas varchar(255) DEFAULT NULL,
  PRIMARY KEY (ID)
)
ENGINE = INNODB,
CHARACTER SET utf8mb4,
COLLATE utf8mb4_0900_ai_ci,
ROW_FORMAT = DYNAMIC;

--
-- Create table `numeris`
--
CREATE TABLE numeris (
  ID int NOT NULL AUTO_INCREMENT,
  numeris int DEFAULT NULL,
  PRIMARY KEY (ID)
)
ENGINE = INNODB,
CHARACTER SET utf8mb4,
COLLATE utf8mb4_0900_ai_ci,
ROW_FORMAT = DYNAMIC;

--
-- Create table `telefonas`
--
CREATE TABLE telefonas (
  ID int NOT NULL AUTO_INCREMENT,
  `FK kodas` int DEFAULT NULL,
  `FK numeris` int DEFAULT NULL,
  PRIMARY KEY (ID)
)
ENGINE = INNODB,
CHARACTER SET utf8mb4,
COLLATE utf8mb4_0900_ai_ci,
ROW_FORMAT = DYNAMIC;

--
-- Create foreign key
--
ALTER TABLE telefonas
ADD CONSTRAINT FK_telefonas_numeris_ID FOREIGN KEY (`FK numeris`)
REFERENCES numeris (ID);

--
-- Create foreign key
--
ALTER TABLE telefonas
ADD CONSTRAINT `FK_telefonas_salies kodas_ID` FOREIGN KEY (`FK kodas`)
REFERENCES `salies kodas` (ID);

--
-- Create table `el pavadinmas`
--
CREATE TABLE `el pavadinmas` (
  ID int NOT NULL AUTO_INCREMENT,
  pava varchar(255) DEFAULT NULL,
  PRIMARY KEY (ID)
)
ENGINE = INNODB,
AUTO_INCREMENT = 4,
AVG_ROW_LENGTH = 5461,
CHARACTER SET utf8mb4,
COLLATE utf8mb4_0900_ai_ci,
ROW_FORMAT = DYNAMIC;

--
-- Create table `el pastas`
--
CREATE TABLE `el pastas` (
  ID int NOT NULL AUTO_INCREMENT,
  `FK pavadinimas` int DEFAULT NULL,
  `FK domain` int DEFAULT NULL,
  PRIMARY KEY (ID)
)
ENGINE = INNODB,
CHARACTER SET utf8mb4,
COLLATE utf8mb4_0900_ai_ci,
ROW_FORMAT = DYNAMIC;

--
-- Create foreign key
--
ALTER TABLE `el pastas`
ADD CONSTRAINT `FK_el pastas_el domain_ID` FOREIGN KEY (`FK domain`)
REFERENCES `el domain` (ID);

--
-- Create foreign key
--
ALTER TABLE `el pastas`
ADD CONSTRAINT `FK_el pastas_el pavadinmas_ID` FOREIGN KEY (`FK pavadinimas`)
REFERENCES `el pavadinmas` (ID);

--
-- Create table `kontaktai`
--
CREATE TABLE kontaktai (
  ID int NOT NULL AUTO_INCREMENT,
  `FK pastas` int DEFAULT NULL,
  `FK telefonas` int DEFAULT NULL,
  PRIMARY KEY (ID)
)
ENGINE = INNODB,
CHARACTER SET utf8mb4,
COLLATE utf8mb4_0900_ai_ci,
ROW_FORMAT = DYNAMIC;

--
-- Create foreign key
--
ALTER TABLE kontaktai
ADD CONSTRAINT `FK_kontaktai_el pastas_ID` FOREIGN KEY (`FK pastas`)
REFERENCES `el pastas` (ID);

--
-- Create foreign key
--
ALTER TABLE kontaktai
ADD CONSTRAINT FK_kontaktai_telefonas_ID FOREIGN KEY (`FK telefonas`)
REFERENCES telefonas (ID);

--
-- Create table `rajonas`
--
CREATE TABLE rajonas (
  ID int NOT NULL AUTO_INCREMENT,
  Pavadinimas varchar(255) DEFAULT NULL,
  PRIMARY KEY (ID)
)
ENGINE = INNODB,
AUTO_INCREMENT = 9,
CHARACTER SET utf8mb4,
COLLATE utf8mb4_0900_ai_ci,
ROW_FORMAT = DYNAMIC;

--
-- Create table `pasto kodas`
--
CREATE TABLE `pasto kodas` (
  ID int NOT NULL AUTO_INCREMENT,
  Kodas int DEFAULT NULL,
  PRIMARY KEY (ID)
)
ENGINE = INNODB,
CHARACTER SET utf8mb4,
COLLATE utf8mb4_0900_ai_ci,
ROW_FORMAT = DYNAMIC;

--
-- Create table `namo nr`
--
CREATE TABLE `namo nr` (
  ID int NOT NULL AUTO_INCREMENT,
  Numeris varchar(255) DEFAULT NULL,
  PRIMARY KEY (ID)
)
ENGINE = INNODB,
AUTO_INCREMENT = 18,
CHARACTER SET utf8mb4,
COLLATE utf8mb4_0900_ai_ci,
ROW_FORMAT = DYNAMIC;

--
-- Create table `miestas`
--
CREATE TABLE miestas (
  ID int NOT NULL AUTO_INCREMENT,
  Pavadinimas varchar(255) DEFAULT NULL,
  PRIMARY KEY (ID)
)
ENGINE = INNODB,
AUTO_INCREMENT = 2,
CHARACTER SET utf8mb4,
COLLATE utf8mb4_0900_ai_ci,
ROW_FORMAT = DYNAMIC;

--
-- Create table `gatve`
--
CREATE TABLE gatve (
  ID int NOT NULL AUTO_INCREMENT,
  Pavadinimas varchar(255) DEFAULT NULL,
  PRIMARY KEY (ID)
)
ENGINE = INNODB,
AUTO_INCREMENT = 11,
CHARACTER SET utf8mb4,
COLLATE utf8mb4_0900_ai_ci,
ROW_FORMAT = DYNAMIC;

--
-- Create table `adresas`
--
CREATE TABLE adresas (
  ID int NOT NULL AUTO_INCREMENT,
  `FK Miestas` int DEFAULT NULL,
  `FK Rajonas` int DEFAULT NULL,
  `FK Gatve` int DEFAULT NULL,
  `FK Namo nr` int DEFAULT NULL,
  `FK Pasto kodas` int DEFAULT NULL,
  PRIMARY KEY (ID)
)
ENGINE = INNODB,
AUTO_INCREMENT = 17,
CHARACTER SET utf8mb4,
COLLATE utf8mb4_0900_ai_ci,
ROW_FORMAT = DYNAMIC;

--
-- Create foreign key
--
ALTER TABLE adresas
ADD CONSTRAINT FK_adresas_gatve_ID FOREIGN KEY (`FK Gatve`)
REFERENCES gatve (ID);

--
-- Create foreign key
--
ALTER TABLE adresas
ADD CONSTRAINT FK_adresas_miestas_ID FOREIGN KEY (`FK Miestas`)
REFERENCES miestas (ID);

--
-- Create foreign key
--
ALTER TABLE adresas
ADD CONSTRAINT `FK_adresas_namo nr_ID` FOREIGN KEY (`FK Namo nr`)
REFERENCES `namo nr` (ID);

--
-- Create foreign key
--
ALTER TABLE adresas
ADD CONSTRAINT `FK_adresas_pasto kodas_ID` FOREIGN KEY (`FK Pasto kodas`)
REFERENCES `pasto kodas` (ID);

--
-- Create foreign key
--
ALTER TABLE adresas
ADD CONSTRAINT FK_adresas_rajonas_ID FOREIGN KEY (`FK Rajonas`)
REFERENCES rajonas (ID);

--
-- Create table `vardas`
--
CREATE TABLE vardas (
  ID int NOT NULL AUTO_INCREMENT,
  Vardas varchar(255) DEFAULT NULL,
  PRIMARY KEY (ID)
)
ENGINE = INNODB,
CHARACTER SET utf8mb4,
COLLATE utf8mb4_0900_ai_ci,
ROW_FORMAT = DYNAMIC;

--
-- Create table `pavarde`
--
CREATE TABLE pavarde (
  ID int NOT NULL AUTO_INCREMENT,
  Pavarde varchar(255) DEFAULT NULL,
  PRIMARY KEY (ID)
)
ENGINE = INNODB,
CHARACTER SET utf8mb4,
COLLATE utf8mb4_0900_ai_ci,
ROW_FORMAT = DYNAMIC;

--
-- Create table `asmuo`
--
CREATE TABLE asmuo (
  `Asmens Kodas ID` int NOT NULL,
  `FK Vardas` int DEFAULT NULL,
  `FK Pavarde` int DEFAULT NULL,
  `FK Kontaktai` int DEFAULT NULL,
  `FK Adresas` int DEFAULT NULL,
  PRIMARY KEY (`Asmens Kodas ID`)
)
ENGINE = INNODB,
CHARACTER SET utf8mb4,
COLLATE utf8mb4_0900_ai_ci,
ROW_FORMAT = DYNAMIC;

--
-- Create foreign key
--
ALTER TABLE asmuo
ADD CONSTRAINT FK_asmuo_adresas_ID FOREIGN KEY (`FK Adresas`)
REFERENCES adresas (ID);

--
-- Create foreign key
--
ALTER TABLE asmuo
ADD CONSTRAINT FK_asmuo_kontaktai_ID FOREIGN KEY (`FK Kontaktai`)
REFERENCES kontaktai (ID);

--
-- Create foreign key
--
ALTER TABLE asmuo
ADD CONSTRAINT FK_asmuo_pavarde_ID FOREIGN KEY (`FK Pavarde`)
REFERENCES pavarde (ID);

--
-- Create foreign key
--
ALTER TABLE asmuo
ADD CONSTRAINT FK_asmuo_vardas_ID FOREIGN KEY (`FK Vardas`)
REFERENCES vardas (ID);

--
-- Create table `uzimtumas`
--
CREATE TABLE uzimtumas (
  ID int NOT NULL AUTO_INCREMENT,
  `FK Gyventojai` int DEFAULT NULL,
  PRIMARY KEY (ID)
)
ENGINE = INNODB,
CHARACTER SET utf8mb4,
COLLATE utf8mb4_0900_ai_ci,
ROW_FORMAT = DYNAMIC;

--
-- Create foreign key
--
ALTER TABLE uzimtumas
ADD CONSTRAINT `FK_uzimtumas_asmuo_Asmens Kodas ID` FOREIGN KEY (`FK Gyventojai`)
REFERENCES asmuo (`Asmens Kodas ID`);

--
-- Create table `valiuta`
--
CREATE TABLE valiuta (
  ID int NOT NULL AUTO_INCREMENT,
  Valiuta varchar(255) DEFAULT NULL,
  PRIMARY KEY (ID)
)
ENGINE = INNODB,
CHARACTER SET utf8mb4,
COLLATE utf8mb4_0900_ai_ci,
ROW_FORMAT = DYNAMIC;

--
-- Create table `kaina`
--
CREATE TABLE kaina (
  ID int NOT NULL AUTO_INCREMENT,
  Kiek int DEFAULT NULL,
  `FK Valiuta` int DEFAULT NULL,
  PRIMARY KEY (ID)
)
ENGINE = INNODB,
CHARACTER SET utf8mb4,
COLLATE utf8mb4_0900_ai_ci,
ROW_FORMAT = DYNAMIC;

--
-- Create foreign key
--
ALTER TABLE kaina
ADD CONSTRAINT FK_kaina_valiuta_ID FOREIGN KEY (`FK Valiuta`)
REFERENCES valiuta (ID);

--
-- Create table `institucijos pavadinimas`
--
CREATE TABLE `institucijos pavadinimas` (
  ID int NOT NULL AUTO_INCREMENT,
  pavadinimas varchar(255) DEFAULT NULL,
  PRIMARY KEY (ID)
)
ENGINE = INNODB,
CHARACTER SET utf8mb4,
COLLATE utf8mb4_0900_ai_ci,
ROW_FORMAT = DYNAMIC;

--
-- Create table `institucija`
--
CREATE TABLE institucija (
  ID int NOT NULL AUTO_INCREMENT,
  `FK Pavadinimas` int DEFAULT NULL,
  `FK Adresas` int DEFAULT NULL,
  `FK Kontaktai` int DEFAULT NULL,
  PRIMARY KEY (ID)
)
ENGINE = INNODB,
CHARACTER SET utf8mb4,
COLLATE utf8mb4_0900_ai_ci,
ROW_FORMAT = DYNAMIC;

--
-- Create foreign key
--
ALTER TABLE institucija
ADD CONSTRAINT FK_institucija_adresas_ID FOREIGN KEY (`FK Adresas`)
REFERENCES adresas (ID);

--
-- Create foreign key
--
ALTER TABLE institucija
ADD CONSTRAINT `FK_institucija_institucijos pavadinimas_ID` FOREIGN KEY (`FK Pavadinimas`)
REFERENCES `institucijos pavadinimas` (ID);

--
-- Create foreign key
--
ALTER TABLE institucija
ADD CONSTRAINT `FK_institucija_kontaktai_FK telefonas` FOREIGN KEY (`FK Kontaktai`)
REFERENCES kontaktai (`FK telefonas`);

--
-- Create table `dydis`
--
CREATE TABLE dydis (
  ID int NOT NULL AUTO_INCREMENT,
  Dydis int DEFAULT NULL,
  PRIMARY KEY (ID)
)
ENGINE = INNODB,
CHARACTER SET utf8mb4,
COLLATE utf8mb4_0900_ai_ci,
ROW_FORMAT = DYNAMIC;

--
-- Create table `kambarys`
--
CREATE TABLE kambarys (
  ID int NOT NULL AUTO_INCREMENT,
  `FK Dydis` int DEFAULT NULL,
  `FK Kaina` int DEFAULT NULL,
  `FK Uzimtumas` int DEFAULT NULL,
  `FK Adresas` int DEFAULT NULL,
  `FK Nuomininkas` int DEFAULT NULL,
  PRIMARY KEY (ID)
)
ENGINE = INNODB,
CHARACTER SET utf8mb4,
COLLATE utf8mb4_0900_ai_ci,
ROW_FORMAT = DYNAMIC;

--
-- Create foreign key
--
ALTER TABLE kambarys
ADD CONSTRAINT FK_kambarys_adresas_ID FOREIGN KEY (`FK Adresas`)
REFERENCES adresas (ID);

--
-- Create foreign key
--
ALTER TABLE kambarys
ADD CONSTRAINT FK_kambarys_dydis_ID FOREIGN KEY (`FK Dydis`)
REFERENCES dydis (ID);

--
-- Create foreign key
--
ALTER TABLE kambarys
ADD CONSTRAINT FK_kambarys_institucija_ID FOREIGN KEY (`FK Nuomininkas`)
REFERENCES institucija (ID);

--
-- Create foreign key
--
ALTER TABLE kambarys
ADD CONSTRAINT FK_kambarys_kaina_ID FOREIGN KEY (`FK Kaina`)
REFERENCES kaina (ID);

--
-- Create foreign key
--
ALTER TABLE kambarys
ADD CONSTRAINT FK_kambarys_uzimtumas_ID FOREIGN KEY (`FK Uzimtumas`)
REFERENCES uzimtumas (ID);

--
-- Create table `ivertinimai`
--
CREATE TABLE ivertinimai (
  ID int NOT NULL AUTO_INCREMENT,
  `FK Kambarys` int DEFAULT NULL,
  `FK Ivertines asmuo` int DEFAULT NULL,
  Ivertinimas varchar(255) DEFAULT NULL,
  PRIMARY KEY (ID)
)
ENGINE = INNODB,
CHARACTER SET utf8mb4,
COLLATE utf8mb4_0900_ai_ci,
ROW_FORMAT = DYNAMIC;

--
-- Create foreign key
--
ALTER TABLE ivertinimai
ADD CONSTRAINT `FK_ivertinimai_asmuo_Asmens Kodas ID` FOREIGN KEY (`FK Ivertines asmuo`)
REFERENCES asmuo (`Asmens Kodas ID`);

--
-- Create foreign key
--
ALTER TABLE ivertinimai
ADD CONSTRAINT FK_ivertinimai_kambarys_ID FOREIGN KEY (`FK Kambarys`)
REFERENCES kambarys (ID);

--
-- Create table `atsiliepimai`
--
CREATE TABLE atsiliepimai (
  ID int NOT NULL AUTO_INCREMENT,
  `FK Kambarys` int DEFAULT NULL,
  `FK Komentves Asmuo` int DEFAULT NULL,
  Komentaras varchar(255) DEFAULT NULL,
  PRIMARY KEY (ID)
)
ENGINE = INNODB,
CHARACTER SET utf8mb4,
COLLATE utf8mb4_0900_ai_ci,
ROW_FORMAT = DYNAMIC;

--
-- Create foreign key
--
ALTER TABLE atsiliepimai
ADD CONSTRAINT `FK_atsiliepimai_asmuo_Asmens Kodas ID` FOREIGN KEY (`FK Komentves Asmuo`)
REFERENCES asmuo (`Asmens Kodas ID`);

--
-- Create foreign key
--
ALTER TABLE atsiliepimai
ADD CONSTRAINT FK_atsiliepimai_kambarys_ID FOREIGN KEY (`FK Kambarys`)
REFERENCES kambarys (ID);

-- Table barakai.country does not contain any data (it is empty)

-- Table barakai.`salies kodas` does not contain any data (it is empty)

-- Table barakai.numeris does not contain any data (it is empty)

-- Table barakai.`el pavadinmas` does not contain any data (it is empty)

-- Table barakai.`el domain` does not contain any data (it is empty)

-- Table barakai.telefonas does not contain any data (it is empty)

-- Table barakai.`el pastas` does not contain any data (it is empty)

-- 
-- Dumping data for table rajonas
--
INSERT INTO rajonas(ID, Pavadinimas) VALUES
(1, 'Senamiestis'),
(2, 'Antakalnis'),
(3, 'Rasos'),
(4, 'Fabijoniškės'),
(5, 'Verkiai'),
(6, 'Naujininkai'),
(7, 'Naujoji Vilnia'),
(8, 'Šnipiškės');

-- Table barakai.`pasto kodas` does not contain any data (it is empty)

-- 
-- Dumping data for table `namo nr`
--
INSERT INTO `namo nr`(ID, Numeris) VALUES
(1, '51'),
(2, '39'),
(3, '37'),
(4, '4'),
(5, '59'),
(6, '33'),
(7, '35'),
(8, '45'),
(9, '14'),
(10, '61'),
(11, '47'),
(12, '3'),
(13, '81'),
(14, '63'),
(15, '52'),
(16, '56'),
(17, '20');

-- 
-- Dumping data for table miestas
--
INSERT INTO miestas(ID, Pavadinimas) VALUES
(1, 'Vilnius');

-- 
-- Dumping data for table gatve
--
INSERT INTO gatve(ID, Pavadinimas) VALUES
(1, 'Olandų g.'),
(2, 'Saulėtekio al.'),
(3, 'Didlaukio g.'),
(4, 'Verkių g.'),
(5, 'Šaltkalvių g.'),
(6, 'Studentų g.'),
(7, 'Statybininkų g.'),
(8, 'Giedraičių g.'),
(9, 'Antakalnio g.'),
(10, 'P. Vileišio g.');

-- Table barakai.vardas does not contain any data (it is empty)

-- Table barakai.pavarde does not contain any data (it is empty)

-- Table barakai.kontaktai does not contain any data (it is empty)

-- 
-- Dumping data for table adresas
--
INSERT INTO adresas(ID, `FK Miestas`, `FK Rajonas`, `FK Gatve`, `FK Namo nr`, `FK Pasto kodas`) VALUES
(1, 1, 1, 1, 1, NULL),
(2, 1, 2, 2, 2, NULL),
(3, 1, 2, 2, 3, NULL),
(4, 1, 2, 2, 4, NULL),
(5, 1, 4, 3, 5, NULL),
(6, 1, 2, 2, 6, NULL),
(7, 1, 2, 2, 7, NULL),
(8, 1, 5, 4, 8, NULL),
(9, 1, 6, 5, 9, NULL),
(10, 1, 2, 6, 11, NULL),
(11, 1, 7, 7, 12, NULL),
(12, 1, 8, 8, 13, NULL),
(13, 1, 4, 3, 14, NULL),
(14, 1, 2, 9, 15, NULL),
(15, 1, 2, 9, 16, NULL),
(16, 1, 2, 10, 17, NULL);

-- Table barakai.asmuo does not contain any data (it is empty)

-- Table barakai.valiuta does not contain any data (it is empty)

-- Table barakai.`institucijos pavadinimas` does not contain any data (it is empty)

-- Table barakai.uzimtumas does not contain any data (it is empty)

-- Table barakai.kaina does not contain any data (it is empty)

-- Table barakai.institucija does not contain any data (it is empty)

-- Table barakai.dydis does not contain any data (it is empty)

-- Table barakai.kambarys does not contain any data (it is empty)

-- Table barakai.ivertinimai does not contain any data (it is empty)

-- Table barakai.atsiliepimai does not contain any data (it is empty)

--
-- Restore previous SQL mode
--
/*!40101 SET SQL_MODE=@OLD_SQL_MODE */;

--
-- Enable foreign keys
--
/*!40014 SET FOREIGN_KEY_CHECKS = @OLD_FOREIGN_KEY_CHECKS */;